Workbook

Sheet CONFIGURACIÓN
B1: PARA EDITAR
B2: Integrantes del Grupo | H2: Configuración de Procesos
F3: =E6="" -> FALSE
B4: Curso | C4: Apellido y Nombres | D4: E-Mail | E4: DNI | F4: Aux DNI | H4: Proceso | I4: Comienza en tiempo | J4: Duración | M4: Prioridad
J5: CPU | K5: E/S | L5: CPU
C6: Garcia Ignacio Joaquin | D6: garciaignaciouni@gmail.com | E6: 46940086 | F6: =IF($F$3,"", RIGHT("00000000"&TRIM($E6*ROW($F6)),8)) -> 81640516 | H6: P1 | I6: =IF($F$3,"","t1") -> t1 | J6: =IF($F$3,"",MOD(VALUE(MID($F6,3,2)),6) +1) -> 5 | K6: =IF($F$3,"",MOD(VALUE(MID($F6,3,2)),4) +1) -> 1 | L6: =IF($F$3,"",MOD(VALUE(MID($F6,3,2)),5) +1) -> 5 | M6: =IF($F$3,"",IF(MOD(VALUE($F6),3)=0,"Alta",IF(MOD(VALUE($F6),3)=1,"Media","Baja"))) -> Media
C7: Ciro Brandan | D7: cirobrandan06@gmail.com | E7: 47066282 | F7: =IF($F$3,"", RIGHT("00000000"&TRIM(IF(E7="",$F6+1, $E7)*ROW($F7)),8)) -> 29463974 | H7: P2 | I7: =IF($F$3,"","t"&MOD(VALUE(MID($F7,1,2)),7)+1) -> t2 | J7: =IF($F$3,"",MOD(VALUE(MID($F7,3,2)),6) +1) -> 5 | K7: =IF($F$3,"",MOD(VALUE(MID($F7,3,2)),4) +1) -> 3 | L7: =IF($F$3,"",MOD(VALUE(MID($F7,3,2)),5) +1) -> 2 | M7: =IF($F$3,"",IF(MOD(VALUE($F7),3)=0,"Alta",IF(MOD(VALUE($F7),3)=1,"Media","Baja"))) -> Baja
C8: Moras Marcos Ezequiel | D8: marcosmoras19@gmail.com | E8: 46948504 | F8: =IF($F$3,"", RIGHT("00000000"&TRIM(IF(E8="",$F7+1, $E8)*ROW($F8)),8)) -> 75588032 | H8: P3 | I8: =IF($F$3,"","t"&MOD(VALUE(MID($F8,1,2)),7)+1) -> t6 | J8: =IF($F$3,"",MOD(VALUE(MID($F8,3,2)),6) +1) -> 5 | K8: =IF($F$3,"",MOD(VALUE(MID($F8,3,2)),4) +1) -> 3 | L8: =IF($F$3,"",MOD(VALUE(MID($F8,3,2)),5) +1) -> 4 | M8: =IF($F$3,"",IF(MOD(VALUE($F8),3)=0,"Alta",IF(MOD(VALUE($F8),3)=1,"Media","Baja"))) -> Baja
C9: Ramas Thiago | D9: tramascai@gmail.com | E9: 47572053 | F9: =IF($F$3,"", RIGHT("00000000"&TRIM(IF(E9="",$F8+1, $E9)*ROW($F9)),8)) -> 28148477 | H9: P4 | I9: =IF($F$3,"","t"&MOD(VALUE(MID($F9,1,2)),7)+1) -> t1 | J9: =IF($F$3,"",MOD(VALUE(MID($F9,3,2)),6) +1) -> 3 | K9: =IF($F$3,"",MOD(VALUE(MID($F9,3,2)),4) +1) -> 3 | L9: =IF($F$3,"",MOD(VALUE(MID($F9,3,2)),5) +1) -> 5 | M9: =IF($F$3,"",IF(MOD(VALUE($F9),3)=0,"Alta",IF(MOD(VALUE($F9),3)=1,"Media","Baja"))) -> Baja
C10: Santino Lionel Dotto | D10: santolio264@gmail.com | E10: 47515979 | F10: =IF($F$3,"", RIGHT("00000000"&TRIM(IF(E10="",$F9+1, $E10)*ROW($F10)),8)) -> 75159790 | H10: P5 | I10: =IF($F$3,"","t"&MOD(VALUE(MID($F10,1,2)),7)+1) -> t6 | J10: =IF($F$3,"",MOD(VALUE(MID($F10,3,2)),6) +1) -> 4 | K10: =IF($F$3,"",MOD(VALUE(MID($F10,3,2)),4) +1) -> 4 | L10: =IF($F$3,"",MOD(VALUE(MID($F10,3,2)),5) +1) -> 1 | M10: =IF($F$3,"",IF(MOD(VALUE($F10),3)=0,"Alta",IF(MOD(VALUE($F10),3)=1,"Media","Baja"))) -> Media
F11: =IF($F$3,"", RIGHT("00000000"&TRIM(IF(E11="",$F10+1, $E11)*ROW($F11)),8)) -> 26757701 | H11: P6 | I11: =IF($F$3,"","t"&MOD(VALUE(MID($F11,1,2)),7)+1) -> t6 | J11: =IF($F$3,"",MOD(VALUE(MID($F11,3,2)),6) +1) -> 4 | K11: =IF($F$3,"",MOD(VALUE(MID($F11,3,2)),4) +1) -> 4 | L11: =IF($F$3,"",MOD(VALUE(MID($F11,3,2)),5) +1) -> 1 | M11: =IF($F$3,"",IF(MOD(VALUE($F11),3)=0,"Alta",IF(MOD(VALUE($F11),3)=1,"Media","Baja"))) -> Baja

Sheet ALGORITMO 1
B2: Algortimo 1: SPN (Shortest Process Next)
B4: Proceso | C4: Comienza en tiempo | D4: Duración | H4: Prioridad | J4: Proceso | K4: Tiempo
D5: CPU | E5: E/S | F5: CPU | G5: Total CPU | K5: 1 | L5: =+K5+1 -> 2 | M5: =+L5+1 -> 3 | N5: =+M5+1 -> 4 | O5: =+N5+1 -> 5 | P5: =+O5+1 -> 6 | Q5: =+P5+1 -> 7 | R5: =+Q5+1 -> 8 | S5: =+R5+1 -> 9 | ... BH5: =+BG5+1 -> 50
B6: P1 | C6: ='CONFIGURACIÓN'!I6 -> t1 | D6: ='CONFIGURACIÓN'!J6 -> 5 | E6: ='CONFIGURACIÓN'!K6 -> 1 | F6: ='CONFIGURACIÓN'!L6 -> 5 | G6: =IF(D6="","",D6+F6) -> 10 | H6: ='CONFIGURACIÓN'!M6 -> Media | J6: =+B6 -> P1 | K6: C | L6: C | M6: C | N6: C | O6: C | P6: C | Q6: C | R6: C | S6: C | T6: C | U6: C | V6: C | W6: C | X6: C | Y6: C | Z6: C | AA6: C | AB6: C | AC6: C | AD6: C | AE6: C | AF6: C | AG6: C | AH6: C | AI6: C | AJ6: C | AK6: C | AL6: C | AM6: C | AN6: C | AO6: E | AP6: E | AQ6: E | AR6: E | AS6: E | AT6: B | AU6: C | AV6: C | AW6: C | AX6: E | AY6: E | AZ6: E | BA6: E | BB6: E | BC6: T | BD6: T | BE6: T | BF6: T | BG6: T | BH6: T
B7: P2 | C7: ='CONFIGURACIÓN'!I7 -> t2 | D7: ='CONFIGURACIÓN'!J7 -> 5 | E7: ='CONFIGURACIÓN'!K7 -> 3 | F7: ='CONFIGURACIÓN'!L7 -> 2 | G7: =IF(D7="","",D7+F7) -> 7 | H7: ='CONFIGURACIÓN'!M7 -> Baja | J7: =+B7 -> P2 | L7: C | M7: C | N7: E | O7: E | P7: E | Q7: E | R7: E | S7: B | T7: B | U7: B | V7: C | W7: C | X7: C | Y7: C | Z7: C | AA7: C | AB7: E | AC7: E | AD7: T | AE7: T | AF7: T | AG7: T | AH7: T | AI7: T | AJ7: T | AK7: T | AL7: T | AM7: T | AN7: T | AO7: T | AP7: T | AQ7: T | AR7: T | AS7: T | AT7: T | AU7: T | AV7: T | AW7: T | AX7: T | AY7: T | AZ7: T | BA7: T | BB7: T | BC7: T | BD7: T | BE7: T | BF7: T | BG7: T | BH7: T
B8: P3 | C8: ='CONFIGURACIÓN'!I8 -> t6 | D8: ='CONFIGURACIÓN'!J8 -> 5 | E8: ='CONFIGURACIÓN'!K8 -> 3 | F8: ='CONFIGURACIÓN'!L8 -> 4 | G8: =IF(D8="","",D8+F8) -> 9 | H8: ='CONFIGURACIÓN'!M8 -> Baja | J8: =+B8 -> P3 | P8: C | Q8: C | R8: C | S8: C | T8: C | U8: C | V8: C | W8: C | X8: C | Y8: C | Z8: C | AA8: C | AB8: C | AC8: C | AD8: C | AE8: C | AF8: C | AG8: C | AH8: C | AI8: C | AJ8: E | AK8: E | AL8: E | AM8: E | AN8: E | AO8: B | AP8: B | AQ8: B | AR8: C | AS8: C | AT8: E | AU8: E | AV8: E | AW8: E | AX8: T | AY8: T | AZ8: T | BA8: T | BB8: T | BC8: T | BD8: T | BE8: T | BF8: T | BG8: T | BH8: T
B9: P4 | C9: ='CONFIGURACIÓN'!I9 -> t1 | D9: ='CONFIGURACIÓN'!J9 -> 3 | E9: ='CONFIGURACIÓN'!K9 -> 3 | F9: ='CONFIGURACIÓN'!L9 -> 5 | G9: =IF(D9="","",D9+F9) -> 8 | H9: ='CONFIGURACIÓN'!M9 -> Baja | J9: =+B9 -> P4 | K9: E | L9: E | M9: E | N9: B | O9: B | P9: B | Q9: C | R9: C | S9: C | T9: C | U9: C | V9: C | W9: C | X9: C | Y9: C | Z9: C | AA9: C | AB9: C | AC9: C | AD9: E | AE9: E | AF9: E | AG9: E | AH9: E | AI9: T | AJ9: T | AK9: T | AL9: T | AM9: T | AN9: T | AO9: T | AP9: T | AQ9: T | AR9: T | AS9: T | AT9: T | AU9: T | AV9: T | AW9: T | AX9: T | AY9: T | AZ9: T | BA9: T | BB9: T | BC9: T | BD9: T | BE9: T | BF9: T | BG9: T | BH9: T
B10: P5 | C10: ='CONFIGURACIÓN'!I10 -> t6 | D10: ='CONFIGURACIÓN'!J10 -> 4 | E10: ='CONFIGURACIÓN'!K10 -> 4 | F10: ='CONFIGURACIÓN'!L10 -> 1 | G10: =IF(D10="","",D10+F10) -> 5 | H10: ='CONFIGURACIÓN'!M10 -> Media | J10: =+B10 -> P5 | P10: C | Q10: C | R10: C | S10: E | T10: E | U10: E | V10: E | W10: B | X10: B | Y10: B | Z10: B | AA10: E | AB10: T | AC10: T | AD10: T | AE10: T | AF10: T | AG10: T | AH10: T | AI10: T | AJ10: T | AK10: T | AL10: T | AM10: T | AN10: T | AO10: T | AP10: T | AQ10: T | AR10: T | AS10: T | AT10: T | AU10: T | AV10: T | AW10: T | AX10: T | AY10: T | AZ10: T | BA10: T | BB10: T | BC10: T | BD10: T | BE10: T | BF10: T | BG10: T | BH10: T
B11: P6 | C11: ='CONFIGURACIÓN'!I11 -> t6 | D11: ='CONFIGURACIÓN'!J11 -> 4 | E11: ='CONFIGURACIÓN'!K11 -> 4 | F11: ='CONFIGURACIÓN'!L11 -> 1 | G11: =IF(D11="","",D11+F11) -> 5 | H11: ='CONFIGURACIÓN'!M11 -> Baja | J11: =+B11 -> P6 | P11: C | Q11: C | R11: C | S11: C | T11: C | U11: C | V11: C | W11: E | X11: E | Y11: E | Z11: E | AA11: B | AB11: B | AC11: B | AD11: B | AE11: C | AF11: C | AG11: C | AH11: C | AI11: E | AJ11: T | AK11: T | AL11: T | AM11: T | AN11: T | AO11: T | AP11: T | AQ11: T | AR11: T | AS11: T | AT11: T | AU11: T | AV11: T | AW11: T | AX11: T | AY11: T | AZ11: T | BA11: T | BB11: T | BC11: T | BD11: T | BE11: T | BF11: T | BG11: T | BH11: T
J13: Ejecutando: | K13: P4 | L13: P4 | M13: P4 | N13: P2 | O13: P2 | P13: P2 | Q13: P2 | R13: P2 | S13: P5 | T13: P5 | U13: P5 | V13: P5 | W13: P6 | X13: P6 | Y13: P6 | Z13: P6 | AA13: P5 | AB13: P2 | AC13: P2 | AD13: P4 | AE13: P4 | AF13: P4 | AG13: P4 | AH13: P4 | AI13: P6 | AJ13: P3 | AK13: P3 | AL13: P3 | AM13: P3 | AN13: P3 | AO13: P1 | AP13: P1 | AQ13: P1 | AR13: P1 | AS13: P1 | AT13: P3 | AU13: P3 | AV13: P3 | AW13: P3 | AX13: P1 | AY13: P1 | AZ13: P1 | BA13: P1 | BB13: P1
B14: En caso de que el tiempo de menor ejecución sea igual se elige el de mayor prioridad. Si | J14: Cola de Listos | K14: P1 | L14: P1 | M14: P1 | N14: P1 | O14: P1 | P14: P1 | Q14: P1 | R14: P1 | S14: P1 | T14: P1 | U14: P1 | V14: P1 | W14: P1 | X14: P1 | Y14: P1 | Z14: P1 | AA14: P1 | AB14: P1 | AC14: P1 | AD14: P1 | AE14: P1 | AF14: P1 | AG14: P1 | AH14: P1 | AI14: P1 | AJ14: P1 | AK14: P1 | AL14: P1 | AM14: P1 | AN14: P1 | AO14: P1 | AR14: P3 | AS14: P3 | AT14: P3 | AU14: P1 | AV14: P1 | AW14: P1 | AX14: P1
B15: estas 2 se repiten se elige aleatoriamente (indeterminado) | K15: P4 | L15: P2 | M15: P2 | N15: P2 | P15: P3 | Q15: P3 | R15: P3 | S15: P3 | T15: P3 | U15: P3 | V15: P3 | W15: P3 | X15: P3 | Y15: P3 | Z15: P3 | AA15: P3 | AB15: P3 | AC15: P3 | AD15: P3 | AE15: P3 | AF15: P3 | AG15: P3 | AH15: P3 | AI15: P3 | AJ15: P3
P16: P5 | Q16: P5 | R16: P5 | S16: P5 | T16: P4 | U16: P4 | V16: P4 | W16: P4 | X16: P4 | Y16: P4 | Z16: P4 | AA16: P4 | AB16: P4 | AC16: P4 | AD16: P4 | AE16: P6 | AF16: P6 | AG16: P6 | AH16: P6 | AI16: P6
P17: P6 | Q17: P6 | R17: P6 | S17: P6 | T17: P6 | U17: P6 | V17: P6 | W17: P6 | X17: P2 | Y17: P2 | Z17: P2 | AA17: P2 | AB17: P2
Q18: P4 | R18: P4 | S18: P4 | V18: P2 | W18: P2 | AA18: p5
I19: Nomenclatura:
I20: Ejecutando | K20: E
I21: Bloqueado | K21: B
I22: En Cola | K22: C
I23: Terminado | K23: T
I24: Ejecutando Apropiado | K24: E

Sheet ALGORITMO 2
B2: Algortimo 2: Prioridades - No Apropiativo
B4: Proceso | C4: Comienza en tiempo | D4: Duración | H4: Prioridad | J4: Proceso | K4: Tiempo
D5: CPU | E5: E/S | F5: CPU | G5: Total CPU | K5: 1 | L5: =+K5+1 -> 2 | M5: =+L5+1 -> 3 | N5: =+M5+1 -> 4 | O5: =+N5+1 -> 5 | P5: =+O5+1 -> 6 | Q5: =+P5+1 -> 7 | R5: =+Q5+1 -> 8 | S5: =+R5+1 -> 9 | ... BH5: =+BG5+1 -> 50
B6: P1 | C6: ='CONFIGURACIÓN'!I6 -> t1 | D6: ='CONFIGURACIÓN'!J6 -> 5 | E6: ='CONFIGURACIÓN'!K6 -> 1 | F6: ='CONFIGURACIÓN'!L6 -> 5 | G6: =IF(D6="","",D6+F6) -> 10 | H6: ='CONFIGURACIÓN'!M6 -> Media | J6: =+B6 -> P1 | K6: E | P6: B | S6: C | T6: C | U6: C | V6: C | W6: E | AB6: Terminado
B7: P2 | C7: ='CONFIGURACIÓN'!I7 -> t2 | D7: ='CONFIGURACIÓN'!J7 -> 5 | E7: ='CONFIGURACIÓN'!K7 -> 3 | F7: ='CONFIGURACIÓN'!L7 -> 2 | G7: =IF(D7="","",D7+F7) -> 7 | H7: ='CONFIGURACIÓN'!M7 -> Baja | J7: =+B7 -> P2 | L7: C | M7: C | N7: C | O7: C | P7: C | Q7: C | R7: C | S7: C | T7: C | U7: C | V7: C | W7: C | X7: C | Y7: C | Z7: C | AA7: C | AB7: C | AC7: E | AH7: B | AK7: C | AL7: C | AM7: C | AN7: C | AO7: C | AP7: C | AQ7: C | AR7: C | AS7: C | AT7: C | AU7: C | AV7: E | AX7: Terminado
B8: P3 | C8: ='CONFIGURACIÓN'!I8 -> t6 | D8: ='CONFIGURACIÓN'!J8 -> 5 | E8: ='CONFIGURACIÓN'!K8 -> 3 | F8: ='CONFIGURACIÓN'!L8 -> 4 | G8: =IF(D8="","",D8+F8) -> 9 | H8: ='CONFIGURACIÓN'!M8 -> Baja | J8: =+B8 -> P3 | P8: C | Q8: C | R8: C | S8: C | T8: C | U8: C | V8: C | W8: C | X8: C | Y8: C | Z8: C | AA8: C | AB8: C | AC8: C | AD8: C | AE8: C | AF8: C | AG8: C | AH8: E | AM8: B | AP8: C | AQ8: C | AR8: C | AS8: C | AT8: C | AU8: C | AV8: C | AW8: C | AX8: E | BB8: Terminado
B9: P4 | C9: ='CONFIGURACIÓN'!I9 -> t1 | D9: ='CONFIGURACIÓN'!J9 -> 3 | E9: ='CONFIGURACIÓN'!K9 -> 3 | F9: ='CONFIGURACIÓN'!L9 -> 5 | G9: =IF(D9="","",D9+F9) -> 8 | H9: ='CONFIGURACIÓN'!M9 -> Baja | J9: =+B9 -> P4 | K9: C | L9: C | M9: C | N9: C | O9: C | P9: E | S9: B | V9: C | W9: C | X9: C | Y9: C | Z9: C | AA9: C | AB9: C | AC9: C | AD9: C | AE9: C | AF9: C | AG9: C | AH9: C | AI9: C | AJ9: C | AK9: C | AL9: C | AM9: C | AN9: C | AO9: C | AP9: C | AQ9: E | AV9: Terminado
B10: P5 | C10: ='CONFIGURACIÓN'!I10 -> t6 | D10: ='CONFIGURACIÓN'!J10 -> 4 | E10: ='CONFIGURACIÓN'!K10 -> 4 | F10: ='CONFIGURACIÓN'!L10 -> 1 | G10: =IF(D10="","",D10+F10) -> 5 | H10: ='CONFIGURACIÓN'!M10 -> Media | J10: =+B10 -> P5 | P10: C | Q10: C | R10: C | S10: E | W10: B | AA10: C | AB10: E | AC10: Terminado
B11: P6 | C11: ='CONFIGURACIÓN'!I11 -> t6 | D11: ='CONFIGURACIÓN'!J11 -> 4 | E11: ='CONFIGURACIÓN'!K11 -> 4 | F11: ='CONFIGURACIÓN'!L11 -> 1 | G11: =IF(D11="","",D11+F11) -> 5 | H11: ='CONFIGURACIÓN'!M11 -> Baja | J11: =+B11 -> P6 | P11: C | Q11: C | R11: C | S11: C | T11: C | U11: C | V11: C | W11: C | X11: C | Y11: C | Z11: C | AA11: C | AB11: C | AC11: C | AD11: C | AE11: C | AF11: C | AG11: C | AH11: C | AI11: C | AJ11: C | AK11: C | AL11: C | AM11: E | AQ11: B | AU11: C | AV11: C | AW11: C | AX11: C | AY11: C | AZ11: C | BA11: C | BB11: E | BC11: Terminado
B13: Nota: en caso de haber igualdad de prioridades, se toma por la lista de procesos (ej: p1 primero, p2 segundo, etc.) | J13: Ejecutando: | K13: P1 | L13: P1 | M13: P1 | N13: P1 | O13: P1 | P13: P4 | Q13: P4 | R13: P4 | S13: P5 | T13: P5 | U13: P5 | V13: P5 | W13: P1 | X13: P1 | Y13: P1 | Z13: P1 | AA13: P1 | AB13: P5 | AC13: P2 | AD13: P2 | AE13: P2 | AF13: P2 | AG13: P2 | AH13: P3 | AI13: P3 | AJ13: P3 | AK13: P3 | AL13: P3 | AM13: P6 | AN13: P6 | AO13: P6 | AP13: P6 | AQ13: P4 | AR13: P4 | AS13: P4 | AT13: P4 | AU13: P4 | AV13: P2 | AW13: P2 | AX13: P3 | AY13: P3 | AZ13: P3 | BA13: P3 | BB13: P6
B14: En caso de haber salido del proceso de ejecucion y bloqueo, y si tiene el mismo nivel de prioridad que | J14: Cola de Listos | K14: P4 | L14: P4 | M14: P4 | N14: P4 | O14: P4 | P14: P5 | Q14: P5 | R14: P5 | S14: P1 | T14: P1 | U14: P1 | V14: P1 | W14: P2 | X14: P2 | Y14: P2 | Z14: P2 | AA14: P5 | AB14: P2 | AC14: P3 | AD14: P3 | AE14: P3 | AF14: P3 | AG14: P3 | AH14: P6 | AI14: P6 | AJ14: P6 | AK14: P6 | AL14: P6 | AM14: P4 | AN14: P4 | AO14: P4 | AP14: P4 | AQ14: P2 | AR14: P2 | AS14: P2 | AT14: P2 | AU14: P2 | AV14: P3 | AW14: P3 | AX14: P6 | AY14: P6 | AZ14: P6 | BA14: P6
B15: los demas, se irá al fin de la cola de listos | L15: P2 | M15: P2 | N15: P2 | O15: P2 | P15: P2 | Q15: P2 | R15: P2 | S15: P2 | T15: P2 | U15: P2 | V15: P2 | W15: P3 | X15: P3 | Y15: P3 | Z15: P3 | AA15: P2 | AB15: P3 | AC15: P6 | AD15: P6 | AE15: P6 | AF15: P6 | AG15: P6 | AH15: P4 | AI15: P4 | AJ15: P4 | AK15: P4 | AL15: P4 | AM15: P2 | AN15: P2 | AO15: P2 | AP15: P2 | AQ15: P3 | AR15: P3 | AS15: P3 | AT15: P3 | AU15: P3 | AV15: P6 | AW15: P6
P16: P3 | Q16: P3 | R16: P3 | S16: P3 | T16: P3 | U16: P3 | V16: P3 | W16: P6 | X16: P6 | Y16: P6 | Z16: P6 | AA16: P3 | AB16: P6 | AC16: P4 | AD16: P4 | AE16: P4 | AF16: P4 | AG16: P4 | AK16: P2 | AL16: P2 | AP16: P3 | AU16: P6
P17: P6 | Q17: P6 | R17: P6 | S17: P6 | T17: P6 | U17: P6 | V17: P6 | W17: P4 | X17: P4 | Y17: P4 | Z17: P4 | AA17: P6 | AB17: P4
V18: P4 | AA18: P4
I20: Nomenclatura:
I21: Ejecutando | K21: E
I22: Bloqueado | K22: B
I23: En Cola | K23: C
I24: Terminado | K24: T
I25: Ejecutando Apropiado | K25: E

Sheet ALGORITMO 3
B2: Algortimo 2: Prioridades Apropiativo
B4: Proceso | C4: Comienza en tiempo | D4: Duración | H4: Prioridad | J4: Proceso | K4: Tiempo
D5: CPU | E5: E/S | F5: CPU | G5: Total CPU | K5: 1 | L5: =+K5+1 -> 2 | M5: =+L5+1 -> 3 | N5: =+M5+1 -> 4 | O5: =+N5+1 -> 5 | P5: =+O5+1 -> 6 | Q5: =+P5+1 -> 7 | R5: =+Q5+1 -> 8 | S5: =+R5+1 -> 9 | ... BH5: =+BG5+1 -> 50
B6: P1 | C6: ='CONFIGURACIÓN'!I6 -> t1 | D6: ='CONFIGURACIÓN'!J6 -> 5 | E6: ='CONFIGURACIÓN'!K6 -> 1 | F6: ='CONFIGURACIÓN'!L6 -> 5 | G6: =IF(D6="","",D6+F6) -> 10 | H6: ='CONFIGURACIÓN'!M6 -> Media | J6: =+B6 -> P1 | K6: E | L6: E | M6: E | N6: E | O6: E | P6: B | Q6: C | R6: C | S6: C | T6: E | U6: E | V6: E | W6: E | X6: E | Y6: T | Z6: T | AA6: T | AB6: T | AC6: T | AD6: T | AE6: T | AF6: T | AG6: T | AH6: T | AI6: T | AJ6: T | AK6: T | AL6: T | AM6: T | AN6: T | AO6: T | AP6: T | AQ6: T | AR6: T | AS6: T | AT6: T | AU6: T | AV6: T | AW6: T | AX6: T | AY6: T | AZ6: T | BA6: T | BB6: T | BC6: T | BD6: T | BE6: T | BF6: T | BG6: T | BH6: T
B7: P2 | C7: ='CONFIGURACIÓN'!I7 -> t2 | D7: ='CONFIGURACIÓN'!J7 -> 5 | E7: ='CONFIGURACIÓN'!K7 -> 3 | F7: ='CONFIGURACIÓN'!L7 -> 2 | G7: =IF(D7="","",D7+F7) -> 7 | H7: ='CONFIGURACIÓN'!M7 -> Baja | J7: =+B7 -> P2 | L7: C | M7: C | N7: C | O7: C | P7: C | Q7: C | R7: C | S7: C | T7: C | U7: C | V7: C | W7: C | X7: C | Y7: C | Z7: C | AA7: C | AB7: C | AC7: E | AD7: E | AE7: E | AF7: E | AG7: E | AH7: B | AI7: B | AJ7: B | AK7: C | AL7: C | AM7: C | AN7: C | AO7: C | AP7: C | AQ7: C | AR7: C | AS7: C | AT7: C | AU7: C | AV7: E | AW7: E | AX7: T | AY7: T | AZ7: T | BA7: T | BB7: T | BC7: T | BD7: T | BE7: T | BF7: T | BG7: T | BH7: T
B8: P3 | C8: ='CONFIGURACIÓN'!I8 -> t6 | D8: ='CONFIGURACIÓN'!J8 -> 5 | E8: ='CONFIGURACIÓN'!K8 -> 3 | F8: ='CONFIGURACIÓN'!L8 -> 4 | G8: =IF(D8="","",D8+F8) -> 9 | H8: ='CONFIGURACIÓN'!M8 -> Baja | J8: =+B8 -> P3 | P8: C | Q8: C | R8: C | S8: C | T8: C | U8: C | V8: C | W8: C | X8: C | Y8: C | Z8: C | AA8: C | AB8: C | AC8: C | AD8: C | AE8: C | AF8: C | AG8: C | AH8: C | AI8: C | AJ8: C | AK8: C | AL8: E | AM8: E | AN8: E | AO8: E | AP8: E | AQ8: B | AR8: B | AS8: B | AT8: C | AU8: C | AV8: C | AW8: C | AX8: C | AY8: E | AZ8: E | BA8: E | BB8: E | BC8: T | BD8: T | BE8: T | BF8: T | BG8: T | BH8: T
B9: P4 | C9: ='CONFIGURACIÓN'!I9 -> t1 | D9: ='CONFIGURACIÓN'!J9 -> 3 | E9: ='CONFIGURACIÓN'!K9 -> 3 | F9: ='CONFIGURACIÓN'!L9 -> 5 | G9: =IF(D9="","",D9+F9) -> 8 | H9: ='CONFIGURACIÓN'!M9 -> Baja | J9: =+B9 -> P4 | K9: C | L9: C | M9: C | N9: C | O9: C | P9: C | Q9: C | R9: C | S9: C | T9: C | U9: C | V9: C | W9: C | X9: C | Y9: C | Z9: E | AA9: E | AB9: E | AC9: B | AD9: B | AE9: B | AF9: C | AG9: C | AH9: C | AI9: C | AJ9: C | AK9: C | AL9: C | AM9: C | AN9: C | AO9: C | AP9: C | AQ9: E | AR9: E | AS9: E | AT9: E | AU9: E | AV9: T | AW9: T | AX9: T | AY9: T | AZ9: T | BA9: T | BB9: T | BC9: T | BD9: T | BE9: T | BF9: T | BG9: T | BH9: T
B10: P5 | C10: ='CONFIGURACIÓN'!I10 -> t6 | D10: ='CONFIGURACIÓN'!J10 -> 4 | E10: ='CONFIGURACIÓN'!K10 -> 4 | F10: ='CONFIGURACIÓN'!L10 -> 1 | G10: =IF(D10="","",D10+F10) -> 5 | H10: ='CONFIGURACIÓN'!M10 -> Media | J10: =+B10 -> P5 | P10: E | Q10: E | R10: E | S10: E | T10: B | U10: B | V10: B | W10: B | X10: C | Y10: E | Z10: T | AA10: T | AB10: T | AC10: T | AD10: T | AE10: T | AF10: T | AG10: T | AH10: T | AI10: T | AJ10: T | AK10: T | AL10: T | AM10: T | AN10: T | AO10: T | AP10: T | AQ10: T | AR10: T | AS10: T | AT10: T | AU10: T | AV10: T | AW10: T | AX10: T | AY10: T | AZ10: T | BA10: T | BB10: T | BC10: T | BD10: T | BE10: T | BF10: T | BG10: T | BH10: T
B11: P6 | C11: ='CONFIGURACIÓN'!I11 -> t6 | D11: ='CONFIGURACIÓN'!J11 -> 4 | E11: ='CONFIGURACIÓN'!K11 -> 4 | F11: ='CONFIGURACIÓN'!L11 -> 1 | G11: =IF(D11="","",D11+F11) -> 5 | H11: ='CONFIGURACIÓN'!M11 -> Baja | J11: =+B11 -> P6 | P11: C | Q11: C | R11: C | S11: C | T11: C | U11: C | V11: C | W11: C | X11: C | Y11: C | Z11: C | AA11: C | AB11: C | AC11: C | AD11: C | AE11: C | AF11: C | AG11: C | AH11: E | AI11: E | AJ11: E | AK11: E | AL11: B | AM11: B | AN11: B | AO11: B | AP11: C | AQ11: C | AR11: C | AS11: C | AT11: C | AU11: C | AV11: C | AW11: C | AX11: E | AY11: T | AZ11: T | BA11: T | BB11: T | BC11: T | BD11: T | BE11: T | BF11: T | BG11: T | BH11: T
B13: En caso de que haya algun tipo de empate de prioridades se decidira por quien haya llegado primero a la cola, y si llegaron en el mismo instante se eligira por menor tiempo total de CPU. | J13: Ejecutando: | K13: P1 | L13: P1 | M13: P1 | N13: P1 | O13: P1 | P13: P5 | Q13: P5 | R13: P5 | S13: P5 | T13: P1 | U13: P1 | V13: P1 | W13: P1 | X13: P1 | Y13: P5 | Z13: P4 | AA13: P4 | AB13: P4 | AC13: P2 | AD13: P2 | AE13: P2 | AF13: P2 | AG13: P2 | AH13: P6 | AI13: P6 | AJ13: P6 | AK13: P6 | AL13: P3 | AM13: P3 | AN13: P3 | AO13: P3 | AP13: P3 | AQ13: P4 | AR13: P4 | AS13: P4 | AT13: P4 | AU13: P4 | AV13: P2 | AW13: P2 | AX13: P6 | AY13: P3 | AZ13: P3 | BA13: P3 | BB13: P3
J14: Cola de Listos | K14: P1 | L14: P4 | M14: P4 | N14: P4 | O14: P4 | P14: P4 | Q14: P4 | R14: P4 | S14: P4 | T14: P4 | U14: P4 | V14: P4 | W14: P4 | X14: P4 | Y14: P4 | Z14: P4 | AA14: P2 | AB14: P2 | AC14: P2 | AD14: P3 | AE14: P3 | AF14: P3 | AG14: P3 | AH14: P3 | AI14: P3 | AJ14: P3 | AK14: P3 | AL14: P3 | AM14: P4 | AN14: P4 | AO14: P4 | AP14: P4 | AQ14: P4 | AR14: P2 | AS14: P2 | AT14: P2 | AU14: P2 | AV14: P2 | AW14: P6 | AX14: P6 | AY14: P3
K15: P4 | L15: P2 | M15: P2 | N15: P2 | O15: P2 | P15: P2 | Q15: P2 | R15: P2 | S15: P2 | T15: P2 | U15: P2 | V15: P2 | W15: P2 | X15: P2 | Y15: P2 | Z15: P2 | AA15: P3 | AB15: P3 | AC15: P3 | AD15: P6 | AE15: P6 | AF15: P6 | AG15: P6 | AH15: P6 | AI15: P4 | AJ15: P4 | AK15: P4 | AL15: P4 | AM15: P2 | AN15: P2 | AO15: P2 | AP15: P2 | AQ15: P2 | AR15: P6 | AS15: P6 | AT15: P6 | AU15: P6 | AV15: P6 | AW15: P3 | AX15: P3
P16: P3 | Q16: P3 | R16: P3 | S16: P3 | T16: P3 | U16: P3 | V16: P3 | W16: P3 | X16: P3 | Y16: P3 | Z16: P3 | AA16: P6 | AB16: P6 | AC16: P6 | AF16: P4 | AG16: P4 | AH16: P4 | AK16: P2 | AL16: P2 | AP16: P6 | AQ16: P6 | AT16: P3 | AU16: P3 | AV16: P3
P17: P5 | Q17: P6 | R17: P6 | S17: P6 | T17: P6 | U17: P6 | V17: P6 | W17: P6 | X17: P6 | Y17: P6 | Z17: P6
P18: P6 | Q18: P1 | R18: P1 | S18: P1 | T18: P1 | X18: P5 | Y18: P5
I19: Nomenclatura:
I20: Ejecutando | K20: E
I21: Bloqueado | K21: B
I22: En Cola | K22: C
I23: Terminado | K23: T
I24: Ejecutando Apropiado | K24: E

Sheet ALGORITMO 4
B2: Algoritmo 2: SRT
B4: Proceso | C4: Comienza en tiempo | D4: Duración | H4: Prioridad | J4: Proceso | K4: Tiempo
D5: CPU | E5: E/S | F5: CPU | G5: Total CPU | K5: 1 | L5: =+K5+1 -> 2 | M5: =+L5+1 -> 3 | N5: =+M5+1 -> 4 | O5: =+N5+1 -> 5 | P5: =+O5+1 -> 6 | Q5: =+P5+1 -> 7 | R5: =+Q5+1 -> 8 | S5: =+R5+1 -> 9 | ... BH5: =+BG5+1 -> 50
B6: P1 | C6: ='CONFIGURACIÓN'!I6 -> t1 | D6: ='CONFIGURACIÓN'!J6 -> 5 | E6: ='CONFIGURACIÓN'!K6 -> 1 | F6: ='CONFIGURACIÓN'!L6 -> 5 | G6: =IF(D6="","",D6+F6) -> 10 | H6: ='CONFIGURACIÓN'!M6 -> Media | J6: =+B6 -> P1 | K6: C 10 | L6: C 10 | M6: C 10 | N6: C 10 | O6: C 10 | P6: C 10 | Q6: C 10 | R6: C 10 | S6: C 10 | T6: C 10 | U6: C 10 | V6: C 10 | W6: C 10 | X6: C 10 | Y6: C 10 | Z6: C 10 | AA6: C 10 | AB6: C 10 | AC6: C 10 | AD6: C 10 | AE6: C 10 | AF6: C 10 | AG6: C 10 | AH6: C 10 | AI6: C 10 | AJ6: C 10 | AK6: C 10 | AL6: C 10 | AM6: C 10 | AN6: C 10 | AO6: E 10 | AP6: E 9 | AQ6: E 8 | AR6: C 7 | AS6: C 7 | AT6: C 7 | AU6: C 7 | AV6: E 7 | AW6: E 6 | AX6: B 5 | AY6: E 5 | AZ6: 4 | BA6: E 3 | BB6: E 2 | BC6: E 1 | BD6: T | BE6: T | BF6: T | BG6: T | BH6: T
B7: P2 | C7: ='CONFIGURACIÓN'!I7 -> t2 | D7: ='CONFIGURACIÓN'!J7 -> 5 | E7: ='CONFIGURACIÓN'!K7 -> 3 | F7: ='CONFIGURACIÓN'!L7 -> 2 | G7: =IF(D7="","",D7+F7) -> 7 | H7: ='CONFIGURACIÓN'!M7 -> Baja | J7: =+B7 -> P2 | K7: – | L7: C 7 | M7: C 7 | N7: E 7 | O7: E 6 | P7: E 5 | Q7: E 4 | R7: E 3 | S7: B 2 | T7: B 2 | U7: B 2 | V7: C 2 | W7: E 2 | X7: E 1 | Y7: T | Z7: T | AA7: T | AB7: T | AC7: T | AD7: T | AE7: T | AF7: T | AG7: T | AH7: T | AI7: T | AJ7: T | AK7: T | AL7: T | AM7: T | AN7: T | AO7: T | AP7: T | AQ7: T | AR7: T | AS7: T | AT7: T | AU7: T | AV7: T | AW7: T | AX7: T | AY7: T | AZ7: T | BA7: T | BB7: T | BC7: T | BD7: T | BE7: T | BF7: T | BG7: T | BH7: T
B8: P3 | C8: ='CONFIGURACIÓN'!I8 -> t6 | D8: ='CONFIGURACIÓN'!J8 -> 5 | E8: ='CONFIGURACIÓN'!K8 -> 3 | F8: ='CONFIGURACIÓN'!L8 -> 4 | G8: =IF(D8="","",D8+F8) -> 9 | H8: ='CONFIGURACIÓN'!M8 -> Baja | J8: =+B8 -> P3 | K8: – | L8: – | M8: – | N8: – | O8: – | P8: C 9 | Q8: C 9 | R8: C 9 | S8: C 9 | T8: C 9 | U8: C 9 | V8: C 9 | W8: C 9 | X8: C 9 | Y8: C 9 | Z8: C 9 | AA8: C 9 | AB8: C 9 | AC8: C 9 | AD8: C 9 | AE8: C 9 | AF8: C 9 | AG8: C 9 | AH8: C 9 | AI8: C 9 | AJ8: E 9 | AK8: E 8 | AL8: E 7 | AM8: E 6 | AN8: E 5 | AO8: B 4 | AP8: B 4 | AQ8: B 4 | AR8: E 4 | AS8: E 3 | AT8: E 2 | AU8: E 1 | AV8: T | AW8: T | AX8: T | AY8: T | AZ8: T | BA8: T | BB8: T | BC8: T | BD8: T | BE8: T | BF8: T | BG8: T | BH8: T
B9: P4 | C9: ='CONFIGURACIÓN'!I9 -> t1 | D9: ='CONFIGURACIÓN'!J9 -> 3 | E9: ='CONFIGURACIÓN'!K9 -> 3 | F9: ='CONFIGURACIÓN'!L9 -> 5 | G9: =IF(D9="","",D9+F9) -> 8 | H9: ='CONFIGURACIÓN'!M9 -> Baja | J9: =+B9 -> P4 | K9: E 8 | L9: E 7 | M9: E 6 | N9: B 5 | O9: B 5 | P9: B 5 | Q9: C 5 | R9: C 5 | S9: C 5 | T9: C 5 | U9: C 5 | V9: C 5 | W9: C 5 | X9: C 5 | Y9: C 5 | Z9: C 5 | AA9: C 5 | AB9: C 5 | AC9: C 5 | AD9: E 5 | AE9: E 4 | AF9: E 3 | AG9: E 2 | AH9: E 1 | AI9: T | AJ9: T | AK9: T | AL9: T | AM9: T | AN9: T | AO9: T | AP9: T | AQ9: T | AR9: T | AS9: T | AT9: T | AU9: T | AV9: T | AW9: T | AX9: T | AY9: T | AZ9: T | BA9: T | BB9: T | BC9: T | BD9: T | BE9: T | BF9: T | BG9: T | BH9: T
B10: P5 | C10: ='CONFIGURACIÓN'!I10 -> t6 | D10: ='CONFIGURACIÓN'!J10 -> 4 | E10: ='CONFIGURACIÓN'!K10 -> 4 | F10: ='CONFIGURACIÓN'!L10 -> 1 | G10: =IF(D10="","",D10+F10) -> 5 | H10: ='CONFIGURACIÓN'!M10 -> Media | J10: =+B10 -> P5 | K10: – | L10: – | M10: – | N10: – | O10: – | P10: C 5 | Q10: C 5 | R10: C 5 | S10: E 5 | T10: E 4 | U10: E 3 | V10: E 2 | W10: B 1 | X10: B 1 | Y10: B 1 | Z10: B 1 | AA10: E 1 | AB10: T | AC10: T | AD10: T | AE10: T | AF10: T | AG10: T | AH10: T | AI10: T | AJ10: T | AK10: T | AL10: T | AM10: T | AN10: T | AO10: T | AP10: T | AQ10: T | AR10: T | AS10: T | AT10: T | AU10: T | AV10: T | AW10: T | AX10: T | AY10: T | AZ10: T | BA10: T | BB10: T | BC10: T | BD10: T | BE10: T | BF10: T | BG10: T | BH10: T
B11: P6 | C11: ='CONFIGURACIÓN'!I11 -> t6 | D11: ='CONFIGURACIÓN'!J11 -> 4 | E11: ='CONFIGURACIÓN'!K11 -> 4 | F11: ='CONFIGURACIÓN'!L11 -> 1 | G11: =IF(D11="","",D11+F11) -> 5 | H11: ='CONFIGURACIÓN'!M11 -> Baja | J11: =+B11 -> P6 | K11: – | L11: – | M11: – | N11: – | O11: – | P11: C 5 | Q11: C 5 | R11: C 5 | S11: C 5 | T11: C 5 | U11: C 5 | V11: C 5 | W11: C 5 | X11: C 5 | Y11: E 5 | Z11: E 4 | AA11: C 3 | AB11: E 3 | AC11: E 2 | AD11: B 1 | AE11: B 1 | AF11: B 1 | AG11: B 1 | AH11: C 1 | AI11: E 1 | AJ11: T | AK11: T | AL11: T | AM11: T | AN11: T | AO11: T | AP11: T | AQ11: T | AR11: T | AS11: T | AT11: T | AU11: T | AV11: T | AW11: T | AX11: T | AY11: T | AZ11: T | BA11: T | BB11: T | BC11: T | BD11: T | BE11: T | BF11: T | BG11: T | BH11: T
J13: Ejecutando: | K13: P4 8 | L13: P4 7 | M13: P4 6 | N13: P2 7 | O13: P2 6 | P13: P2 5 | Q13: P2 4 | R13: P2 3 | S13: P5 5 | T13: P5 4 | U13: P5 3 | V13: P5 2 | W13: P2 2 | X13: P2 1 | Y13: P6 5 | Z13: P6 4 | AA13: P5 1 | AB13: P6 3 | AC13: P6 2 | AD13: P4 5 | AE13: P4 4 | AF13: P4 3 | AG13: P4 2 | AH13: P4 1 | AI13: P6 1 | AJ13: P3 9 | AK13: P3 8 | AL13: P3 7 | AM13: P3 6 | AN13: P3 5 | AO13: P1 10 | AP13: P1 9 | AQ13: P1 8 | AR13: P3 4 | AS13: P3 3 | AT13: P3 2 | AU13: P3 1 | AV13: P1 7 | AW13: P1 6 | AX13: Inactivo | AY13: P1 5 | AZ13: P1 4 | BA13: P1 3 | BB13: P1 2 | BC13: P1 1
J14: Cola de Listos | K14: P1 (10) | L14: P2 (7) | M14: P2 (7) | N14: P1 (10) | O14: P1 (10) | P14: P5 (5) | Q14: P5 (5) | R14: P5 (5) | S14: P6 (5) | T14: P6 (5) | U14: P6 (5) | V14: P2 (2) | W14: P6 (5) | X14: P6 (5) | Y14: P4 (5) | Z14: P4 (5) | AA14: P6 (3) | AB14: P4 (5) | AC14: P4 (5) | AD14: P3 (9) | AE14: P3 (9) | AF14: P3 (9) | AG14: P3 (9) | AH14: P6 (1) | AI14: P3 (9) | AJ14: P1 (10) | AK14: P1 (10) | AL14: P1 (10) | AM14: P1 (10) | AN14: P1 (10) | AR14: P1 (7) | AS14: P1 (7) | AT14: P1 (7) | AU14: P1 (7)
L15: P1 (10) | M15: P1 (10) | P15: P6 (5) | Q15: P6 (5) | R15: P6 (5) | S15: P4 (5) | T15: P4 (5) | U15: P4 (5) | V15: P6 (5) | W15: P4 (5) | X15: P4 (5) | Y15: P3 (9) | Z15: P3 (9) | AA15: P4 (5) | AB15: P3 (9) | AC15: P3 (9) | AD15: P1 (10) | AE15: P1 (10) | AF15: P1 (10) | AG15: P1 (10) | AH15: P3 (9) | AI15: P1 (10)
P16: P3 (9) | Q16: P4 (5) | R16: P4 (5) | S16: P3 (9) | T16: P3 (9) | U16: P3 (9) | V16: P4 (5) | W16: P3 (9) | X16: P3 (9) | Y16: P1 (10) | Z16: P1 (10) | AA16: P3 (9) | AB16: P1 (10) | AC16: P1 (10) | AH16: P1 (10)
P17: P1 (10) | Q17: P3 (9) | R17: P3 (9) | S17: P1 (10) | T17: P1 (10) | U17: P1 (10) | V17: P3 (9) | W17: P1 (10) | X17: P1 (10) | AA17: P1 (10)
Q18: P1 (10) | R18: P1 (10) | V18: P1 (10)
I19: Ejecutando | K19: E
I20: Bloqueado | K20: B
I21: En Cola | K21: C
I22: Terminado | K22: T

Sheet ANALISIS
B2: Análisis de los Resultados
B4: SPN (Shortest Process Next) VENTAJAS: Favorece a los procesos con rafagas de CPU breves (Ejemplo: P4) ,y al volver de un bloqueo con rafagas chicas obtiene la CPU lo mas rapido posible para poder terminar (Ejemplo: P5). DESVENTAJAS: Los procesos con rafagas largas quedan postergados indefinidamente si hay otros procesos de rafagas mas cortas (Ejemplo: P1). PRIORIDADES - No Apropiativo VENTAJAS: Los procesos mas importantes(mayor prioridad) acceden antes a la CPU y finalizan antes (Ejemplos: P1 y P5). DESVENTAJAS: Los procesos de prioridades bajas estan mucho tiempo en la cola de listos sin ejecutarse ,y si un proceso de baja prioridad toma la CPU, el de mayor prioridad debe esperar (Ejemplo: P6). PRIORIDADES - Apropiativo VENTAJAS: Si llega o se desbloquea un proceso de mayor prioridad desaloja al que esta usando la CPU y se la cede (Ejemplo: P5), los procesos de mayor prioridad finalizan lo antes posible (Ejemplos: P1 y P5). DESVENTAJAS: Los procesos de prioridad baja quedan congelados mientras exita alguno de mayor prioridad (Ejemplo: P4) ,y los de prioridad menor pueden ser interrumpidos en cualquier momento, quedando por la mitad de una rafaga. SRT (Shortest Remaining Time) VENTAJAS: Los procesos que menor tiempo le queda finalizan mas rapido (Ejemplos: P2,P5,P3,P6) ,y un proceso largo que este corriendo permite/deja ejecutar a los procesos que le queda menor tiempo. DESVENTAJAS: Los procesos con una carga total pesada esperan mucho tiempo en la cola de listos (Ejemplo: P1).
